Feature,Importance
weight_g,0.40275712886826515
size_cm,0.293856573435996
size_to_weight_ratio,0.25421926709496095
ripeness_level,0.007485108424364216
sweetness,0.007075557117811088
bruise_score,0.0067864324797125815
spot_score,0.0065853499438925265
firmness,0.0063861402968306
color_intensity,0.0063689265956466045
defect_score,0.00617760677547468
defect_count,0.002301908967045711
