Model,Accuracy,Precision,Recall,F1 Score
Logistic Regression,0.74,0.7363794564970234,0.74,0.7265927998152032
Decision Tree,0.7393333333333333,0.7400568531350981,0.7393333333333333,0.7377721684163503
Random Forest,0.7413333333333333,0.7372045474274217,0.7413333333333333,0.7356650767499409
